Step,Training Loss,reward,reward_std,completions / mean_length,completions / min_length,completions / max_length,completions / clipped_ratio,completions / mean_terminated_length,completions / min_terminated_length,completions / max_terminated_length,kl,rewards / function_works / mean,rewards / function_works / std,rewards / no_cheating / mean,rewards / no_cheating / std,rewards / strategy_succeeds / mean,rewards / strategy_succeeds / std
1,-0.000000,1.600000,4.298837,522.250000,319.000000,850.000000,0.250000,413.000000,319.000000,558.000000,0.000000,0.250000,1.500000,0.500000,1.000000,0.850000,3.065398
2,-0.000000,-7.000000,10.099504,676.000000,479.000000,850.000000,0.500000,502.000000,479.000000,525.000000,0.000000,-1.250000,1.500000,-5.250000,9.878428,-0.500000,1.000000
3,0.000002,-5.400000,11.371308,555.250000,337.000000,850.000000,0.250000,457.000000,337.000000,624.000000,0.001629,-0.500000,1.732051,-4.750000,10.210289,-0.150000,1.398809
4,0.000023,1.650000,4.385962,722.000000,494.000000,850.000000,0.250000,679.333374,494.000000,832.000000,0.023117,0.250000,1.500000,0.500000,1.000000,0.900000,3.160169
5,0.000146,0.000000,2.449490,740.250000,413.000000,850.000000,0.500000,630.500000,413.000000,848.000000,0.145891,0.250000,1.500000,0.500000,1.000000,-0.750000,1.500000
6,0.000701,-0.700000,4.600000,626.250000,310.000000,850.000000,0.500000,402.500000,310.000000,495.000000,0.701149,-1.250000,1.500000,-0.500000,1.000000,1.050000,2.100000
7,0.001379,2.750000,5.152022,522.500000,276.000000,850.000000,0.250000,413.333344,276.000000,551.000000,1.378505,0.250000,1.500000,0.500000,1.000000,2.000000,3.691432
8,0.000856,-1.100000,26.108236,649.250000,289.000000,850.000000,0.500000,448.500000,289.000000,608.000000,0.856263,-0.500000,1.732051,-9.500000,12.124355,8.900000,14.312233
9,0.001220,-2.250000,14.150971,572.500000,290.000000,850.000000,0.500000,295.000000,290.000000,300.000000,1.220453,-0.500000,1.732051,-4.750000,10.210289,3.000000,3.464102
10,0.000190,-7.000000,10.099504,815.000000,710.000000,850.000000,0.750000,710.000000,710.000000,710.000000,0.190078,-1.250000,1.500000,-5.250000,9.878428,-0.500000,1.000000
11,0.000282,-2.250000,1.500000,785.500000,592.000000,850.000000,0.750000,592.000000,592.000000,592.000000,0.281709,-1.250000,1.500000,-0.500000,1.000000,-0.500000,1.000000
12,0.000653,6.700000,3.000000,283.500000,262.000000,328.000000,0.000000,283.500000,262.000000,328.000000,0.652989,1.000000,0.000000,1.000000,0.000000,4.700000,3.000000
13,0.001860,11.050000,26.130632,412.000000,226.000000,850.000000,0.250000,266.000000,226.000000,319.000000,1.859871,0.250000,1.500000,-4.250000,10.500000,15.050000,17.262966
14,0.001702,13.400000,12.400000,438.250000,252.000000,816.000000,0.000000,438.250000,252.000000,816.000000,1.701726,1.000000,0.000000,1.000000,0.000000,11.400000,12.400001
15,0.001794,2.000000,2.576820,407.250000,257.000000,766.000000,0.000000,407.250000,257.000000,766.000000,1.794006,1.000000,0.000000,1.000000,0.000000,0.000000,2.576820
16,0.000570,1.950000,1.300000,255.500000,237.000000,281.000000,0.000000,255.500000,237.000000,281.000000,0.569755,1.000000,0.000000,1.000000,0.000000,-0.050000,1.300000
17,0.000539,-3.550000,13.183197,256.250000,221.000000,284.000000,0.000000,256.250000,221.000000,284.000000,0.539465,-0.500000,1.732051,-4.750000,10.210289,1.700000,3.268027
18,0.001738,10.100000,14.624637,325.750000,206.000000,554.000000,0.000000,325.750000,206.000000,554.000000,1.737662,1.000000,0.000000,1.000000,0.000000,8.100000,14.624637
19,0.001230,4.100000,4.734272,293.750000,245.000000,373.000000,0.000000,293.750000,245.000000,373.000000,1.229573,0.500000,1.000000,1.000000,0.000000,2.600000,4.236351
20,0.000511,4.600000,4.075946,227.000000,208.000000,246.000000,0.000000,227.000000,208.000000,246.000000,0.510625,1.000000,0.000000,1.000000,0.000000,2.600000,4.075946
21,0.000792,8.200000,0.000000,232.500000,195.000000,272.000000,0.000000,232.500000,195.000000,272.000000,0.791645,1.000000,0.000000,1.000000,0.000000,6.200000,0.000000
22,0.000410,6.100000,2.200000,236.000000,216.000000,254.000000,0.000000,236.000000,216.000000,254.000000,0.410312,1.000000,0.000000,1.000000,0.000000,4.100000,2.200000
23,0.000536,2.200000,6.004443,219.250000,207.000000,243.000000,0.000000,219.250000,207.000000,243.000000,0.536220,-0.500000,1.732051,0.000000,1.154701,2.700000,3.117692
24,0.000650,3.800000,4.387862,221.250000,181.000000,251.000000,0.000000,221.250000,181.000000,251.000000,0.650415,0.500000,1.000000,1.000000,0.000000,2.300000,3.897007
25,0.000433,6.150000,2.500000,233.250000,223.000000,251.000000,0.000000,233.250000,223.000000,251.000000,0.433544,1.000000,0.000000,1.000000,0.000000,4.150000,2.500000
26,0.001075,4.250000,3.746554,225.500000,178.000000,273.000000,0.000000,225.500000,178.000000,273.000000,1.074851,0.500000,1.000000,1.000000,0.000000,2.750000,3.061046
27,0.001267,7.600000,0.000000,273.250000,228.000000,358.000000,0.000000,273.250000,228.000000,358.000000,1.267027,1.000000,0.000000,1.000000,0.000000,5.600000,0.000000
28,0.000453,4.550000,4.083707,209.750000,170.000000,227.000000,0.000000,209.750000,170.000000,227.000000,0.453229,1.000000,0.000000,1.000000,0.000000,2.550000,4.083708
29,0.000476,6.150000,4.100000,234.750000,220.000000,248.000000,0.000000,234.750000,220.000000,248.000000,0.476092,1.000000,0.000000,1.000000,0.000000,4.150000,4.100000
30,0.000250,8.200000,0.000000,235.000000,227.000000,244.000000,0.000000,235.000000,227.000000,244.000000,0.249522,1.000000,0.000000,1.000000,0.000000,6.200000,0.000000
31,0.000211,6.600000,2.400000,239.750000,218.000000,248.000000,0.000000,239.750000,218.000000,248.000000,0.210909,1.000000,0.000000,1.000000,0.000000,4.600000,2.400000
32,0.000170,0.200000,14.800000,233.500000,225.000000,247.000000,0.000000,233.500000,225.000000,247.000000,0.169977,0.250000,1.500000,-4.250000,10.500000,4.200000,2.800000
33,0.000102,7.400000,0.000000,228.500000,226.000000,230.000000,0.000000,228.500000,226.000000,230.000000,0.102176,1.000000,0.000000,1.000000,0.000000,5.400000,0.000000
34,0.029333,7.800000,0.000000,248.250000,227.000000,292.000000,0.000000,248.250000,227.000000,292.000000,29.332880,1.000000,0.000000,1.000000,0.000000,5.800000,0.000000
35,0.000486,7.000000,3.200000,236.750000,228.000000,247.000000,0.000000,236.750000,228.000000,247.000000,0.486522,1.000000,0.000000,1.000000,0.000000,5.000000,3.200000
36,0.000220,5.550000,3.700000,245.750000,225.000000,278.000000,0.000000,245.750000,225.000000,278.000000,0.220045,1.000000,0.000000,1.000000,0.000000,3.550000,3.700000
37,0.000186,6.900000,2.200000,225.500000,216.000000,232.000000,0.000000,225.500000,216.000000,232.000000,0.186056,1.000000,0.000000,1.000000,0.000000,4.900000,2.200000
38,0.001616,7.200000,0.000000,232.250000,224.000000,253.000000,0.000000,232.250000,224.000000,253.000000,1.616130,1.000000,0.000000,1.000000,0.000000,5.200000,0.000000
39,0.001015,6.250000,2.700000,233.000000,225.000000,248.000000,0.000000,233.000000,225.000000,248.000000,1.014826,1.000000,0.000000,1.000000,0.000000,4.250000,2.700000
40,0.000133,8.000000,0.000000,229.500000,224.000000,243.000000,0.000000,229.500000,224.000000,243.000000,0.133149,1.000000,0.000000,1.000000,0.000000,6.000000,0.000000
41,0.000236,7.400000,0.000000,230.500000,224.000000,245.000000,0.000000,230.500000,224.000000,245.000000,0.236274,1.000000,0.000000,1.000000,0.000000,5.400000,0.000000
42,0.000109,8.600000,0.000000,223.250000,219.000000,225.000000,0.000000,223.250000,219.000000,225.000000,0.108984,1.000000,0.000000,1.000000,0.000000,6.600000,0.000000
43,0.000159,8.400000,0.000000,224.000000,219.000000,228.000000,0.000000,224.000000,219.000000,228.000000,0.159258,1.000000,0.000000,1.000000,0.000000,6.400000,0.000000
44,0.000284,7.200000,0.000000,230.250000,222.000000,247.000000,0.000000,230.250000,222.000000,247.000000,0.283883,1.000000,0.000000,1.000000,0.000000,5.200000,0.000000
45,0.000134,7.400000,0.000000,224.500000,223.000000,226.000000,0.000000,224.500000,223.000000,226.000000,0.134169,1.000000,0.000000,1.000000,0.000000,5.400000,0.000000
46,0.000087,8.600000,0.000000,225.500000,225.000000,226.000000,0.000000,225.500000,225.000000,226.000000,0.086813,1.000000,0.000000,1.000000,0.000000,6.600000,0.000000
47,0.000131,8.600000,0.000000,223.750000,219.000000,226.000000,0.000000,223.750000,219.000000,226.000000,0.131158,1.000000,0.000000,1.000000,0.000000,6.600000,0.000000
48,0.000188,8.000000,0.000000,220.250000,213.000000,225.000000,0.000000,220.250000,213.000000,225.000000,0.188376,1.000000,0.000000,1.000000,0.000000,6.000000,0.000000
49,0.000117,8.000000,0.000000,222.250000,219.000000,224.000000,0.000000,222.250000,219.000000,224.000000,0.117363,1.000000,0.000000,1.000000,0.000000,6.000000,0.000000
50,0.000365,4.950000,4.346263,250.250000,225.000000,266.000000,0.000000,250.250000,225.000000,266.000000,0.365438,1.000000,0.000000,1.000000,0.000000,2.950000,4.346262
51,0.000432,7.800000,0.000000,230.000000,224.000000,245.000000,0.000000,230.000000,224.000000,245.000000,0.431838,1.000000,0.000000,1.000000,0.000000,5.800000,0.000000
52,0.000383,8.200000,0.000000,224.750000,219.000000,229.000000,0.000000,224.750000,219.000000,229.000000,0.383250,1.000000,0.000000,1.000000,0.000000,6.200000,0.000000
53,0.000242,32.000000,0.000000,224.750000,222.000000,230.000000,0.000000,224.750000,222.000000,230.000000,0.242424,1.000000,0.000000,1.000000,0.000000,30.000000,0.000000
54,0.000662,5.400000,5.600000,228.000000,219.000000,251.000000,0.000000,228.000000,219.000000,251.000000,0.662439,0.250000,1.500000,0.500000,1.000000,4.650000,3.100000
55,0.000293,5.250000,5.500000,222.000000,212.000000,229.000000,0.000000,222.000000,212.000000,229.000000,0.293273,0.250000,1.500000,0.500000,1.000000,4.500000,3.000000
56,0.000166,7.800000,0.000000,224.000000,223.000000,227.000000,0.000000,224.000000,223.000000,227.000000,0.165967,1.000000,0.000000,1.000000,0.000000,5.800000,0.000000
57,0.000120,32.000000,0.000000,228.250000,226.000000,229.000000,0.000000,228.250000,226.000000,229.000000,0.120271,1.000000,0.000000,1.000000,0.000000,30.000000,0.000000
58,0.000586,7.400000,0.000000,234.750000,223.000000,257.000000,0.000000,234.750000,223.000000,257.000000,0.586299,1.000000,0.000000,1.000000,0.000000,5.400000,0.000000
59,0.000130,8.600000,0.000000,225.500000,223.000000,227.000000,0.000000,225.500000,223.000000,227.000000,0.129661,1.000000,0.000000,1.000000,0.000000,6.600000,0.000000
60,0.000438,6.900000,3.000000,231.750000,225.000000,246.000000,0.000000,231.750000,225.000000,246.000000,0.437855,1.000000,0.000000,1.000000,0.000000,4.900000,3.000000
61,0.000510,8.200000,0.000000,234.250000,227.000000,253.000000,0.000000,234.250000,227.000000,253.000000,0.510285,1.000000,0.000000,1.000000,0.000000,6.200000,0.000000
62,0.000114,7.800000,0.000000,228.000000,227.000000,229.000000,0.000000,228.000000,227.000000,229.000000,0.113501,1.000000,0.000000,1.000000,0.000000,5.800000,0.000000
63,0.000487,5.400000,3.600000,248.000000,227.000000,265.000000,0.000000,248.000000,227.000000,265.000000,0.487396,1.000000,0.000000,1.000000,0.000000,3.400000,3.600000
64,0.000140,7.200000,0.000000,226.000000,222.000000,228.000000,0.000000,226.000000,222.000000,228.000000,0.139729,1.000000,0.000000,1.000000,0.000000,5.200000,0.000000
65,0.000183,32.000000,0.000000,230.000000,227.000000,233.000000,0.000000,230.000000,227.000000,233.000000,0.182816,1.000000,0.000000,1.000000,0.000000,30.000000,0.000000
66,0.000310,8.600000,0.000000,231.250000,227.000000,239.000000,0.000000,231.250000,227.000000,239.000000,0.310375,1.000000,0.000000,1.000000,0.000000,6.600000,0.000000
67,0.000686,6.700000,3.000000,245.000000,227.000000,270.000000,0.000000,245.000000,227.000000,270.000000,0.685829,1.000000,0.000000,1.000000,0.000000,4.700000,3.000000
68,0.000139,8.000000,0.000000,228.750000,227.000000,230.000000,0.000000,228.750000,227.000000,230.000000,0.138966,1.000000,0.000000,1.000000,0.000000,6.000000,0.000000
69,0.001172,7.099999,2.600000,247.250000,225.000000,306.000000,0.000000,247.250000,225.000000,306.000000,1.171982,1.000000,0.000000,1.000000,0.000000,5.100000,2.600000
70,0.000536,7.099999,2.600000,233.750000,225.000000,251.000000,0.000000,233.750000,225.000000,251.000000,0.536153,1.000000,0.000000,1.000000,0.000000,5.100000,2.600000
71,0.000215,7.600000,0.000000,228.250000,225.000000,230.000000,0.000000,228.250000,225.000000,230.000000,0.215158,1.000000,0.000000,1.000000,0.000000,5.600000,0.000000
72,0.000478,-7.650000,16.642416,227.250000,217.000000,231.000000,0.000000,227.250000,217.000000,231.000000,0.478073,-0.500000,1.732051,-9.500000,12.124355,2.350000,3.125700
73,0.000271,6.750000,2.900000,224.250000,222.000000,226.000000,0.000000,224.250000,222.000000,226.000000,0.270663,1.000000,0.000000,1.000000,0.000000,4.750000,2.900000
74,0.000234,8.000000,0.000000,222.000000,221.000000,225.000000,0.000000,222.000000,221.000000,225.000000,0.233899,1.000000,0.000000,1.000000,0.000000,6.000000,0.000000
75,0.000278,8.000000,0.000000,221.250000,218.000000,226.000000,0.000000,221.250000,218.000000,226.000000,0.277821,1.000000,0.000000,1.000000,0.000000,6.000000,0.000000
76,0.000155,7.400000,0.000000,221.000000,221.000000,221.000000,0.000000,221.000000,221.000000,221.000000,0.154813,1.000000,0.000000,1.000000,0.000000,5.400000,0.000000
77,0.000266,7.800000,0.000000,222.750000,218.000000,228.000000,0.000000,222.750000,218.000000,228.000000,0.266317,1.000000,0.000000,1.000000,0.000000,5.800000,0.000000
78,0.000156,8.200000,0.000000,221.000000,221.000000,221.000000,0.000000,221.000000,221.000000,221.000000,0.156020,1.000000,0.000000,1.000000,0.000000,6.200000,0.000000
79,0.000166,32.000000,0.000000,220.250000,218.000000,221.000000,0.000000,220.250000,218.000000,221.000000,0.165843,1.000000,0.000000,1.000000,0.000000,30.000000,0.000000
80,0.000372,8.200000,0.000000,223.250000,220.000000,227.000000,0.000000,223.250000,220.000000,227.000000,0.371950,1.000000,0.000000,1.000000,0.000000,6.200000,0.000000
81,0.000146,7.000000,0.000000,221.000000,221.000000,221.000000,0.000000,221.000000,221.000000,221.000000,0.146172,1.000000,0.000000,1.000000,0.000000,5.000000,0.000000
82,0.000214,8.000000,0.000000,220.500000,218.000000,222.000000,0.000000,220.500000,218.000000,222.000000,0.213839,1.000000,0.000000,1.000000,0.000000,6.000000,0.000000
83,0.000143,8.200000,0.000000,220.500000,220.000000,221.000000,0.000000,220.500000,220.000000,221.000000,0.143360,1.000000,0.000000,1.000000,0.000000,6.200000,0.000000
84,0.000192,7.800000,0.000000,220.250000,219.000000,222.000000,0.000000,220.250000,219.000000,222.000000,0.191590,1.000000,0.000000,1.000000,0.000000,5.800000,0.000000
85,0.000153,8.600000,0.000000,220.500000,219.000000,221.000000,0.000000,220.500000,219.000000,221.000000,0.152670,1.000000,0.000000,1.000000,0.000000,6.600000,0.000000
86,0.000173,8.400000,0.000000,220.000000,218.000000,221.000000,0.000000,220.000000,218.000000,221.000000,0.172946,1.000000,0.000000,1.000000,0.000000,6.400000,0.000000
87,0.000405,8.600000,0.000000,231.500000,218.000000,243.000000,0.000000,231.500000,218.000000,243.000000,0.405353,1.000000,0.000000,1.000000,0.000000,6.600000,0.000000
88,0.000210,7.800000,0.000000,221.500000,220.000000,224.000000,0.000000,221.500000,220.000000,224.000000,0.209774,1.000000,0.000000,1.000000,0.000000,5.800000,0.000000
89,0.000197,8.200000,0.000000,221.750000,221.000000,224.000000,0.000000,221.750000,221.000000,224.000000,0.197053,1.000000,0.000000,1.000000,0.000000,6.200000,0.000000
90,0.000811,8.200000,0.000000,231.000000,217.000000,265.000000,0.000000,231.000000,217.000000,265.000000,0.811066,1.000000,0.000000,1.000000,0.000000,6.200000,0.000000
91,0.000175,8.600000,0.000000,221.500000,221.000000,223.000000,0.000000,221.500000,221.000000,223.000000,0.174844,1.000000,0.000000,1.000000,0.000000,6.600000,0.000000
92,0.000650,8.400000,0.000000,228.500000,219.000000,253.000000,0.000000,228.500000,219.000000,253.000000,0.649949,1.000000,0.000000,1.000000,0.000000,6.400000,0.000000
93,0.000573,7.000000,1.200000,229.000000,221.000000,249.000000,0.000000,229.000000,221.000000,249.000000,0.572876,1.000000,0.000000,1.000000,0.000000,5.000000,1.200000
94,0.000234,7.400000,0.000000,223.000000,218.000000,227.000000,0.000000,223.000000,218.000000,227.000000,0.233886,1.000000,0.000000,1.000000,0.000000,5.400000,0.000000
95,0.000228,7.400000,0.000000,220.000000,217.000000,223.000000,0.000000,220.000000,217.000000,223.000000,0.228070,1.000000,0.000000,1.000000,0.000000,5.400000,0.000000
96,0.000156,7.200000,0.000000,220.000000,219.000000,221.000000,0.000000,220.000000,219.000000,221.000000,0.156376,1.000000,0.000000,1.000000,0.000000,5.200000,0.000000
97,0.000690,8.200000,0.000000,229.750000,221.000000,256.000000,0.000000,229.750000,221.000000,256.000000,0.689687,1.000000,0.000000,1.000000,0.000000,6.200000,0.000000
98,0.000225,8.000000,0.000000,220.250000,218.000000,223.000000,0.000000,220.250000,218.000000,223.000000,0.224995,1.000000,0.000000,1.000000,0.000000,6.000000,0.000000
99,0.000223,7.800000,0.000000,220.750000,218.000000,223.000000,0.000000,220.750000,218.000000,223.000000,0.222889,1.000000,0.000000,1.000000,0.000000,5.800000,0.000000
100,0.000238,8.200000,0.000000,220.250000,218.000000,221.000000,0.000000,220.250000,218.000000,221.000000,0.237804,1.000000,0.000000,1.000000,0.000000,6.200000,0.000000
101,0.000182,7.800000,0.000000,221.500000,218.000000,223.000000,0.000000,221.500000,218.000000,223.000000,0.182423,1.000000,0.000000,1.000000,0.000000,5.800000,0.000000
102,0.000265,7.200000,0.000000,220.750000,216.000000,225.000000,0.000000,220.750000,216.000000,225.000000,0.265285,1.000000,0.000000,1.000000,0.000000,5.200000,0.000000
103,0.000252,7.400000,0.000000,220.250000,212.000000,223.000000,0.000000,220.250000,212.000000,223.000000,0.252446,1.000000,0.000000,1.000000,0.000000,5.400000,0.000000
104,0.000376,7.400000,0.000000,220.750000,215.000000,225.000000,0.000000,220.750000,215.000000,225.000000,0.375508,1.000000,0.000000,1.000000,0.000000,5.400000,0.000000
105,0.000199,7.800000,0.000000,221.000000,221.000000,221.000000,0.000000,221.000000,221.000000,221.000000,0.198542,1.000000,0.000000,1.000000,0.000000,5.800000,0.000000
106,0.000189,7.800000,0.000000,223.500000,221.000000,225.000000,0.000000,223.500000,221.000000,225.000000,0.188702,1.000000,0.000000,1.000000,0.000000,5.800000,0.000000
107,0.000366,7.800000,0.000000,225.500000,221.000000,231.000000,0.000000,225.500000,221.000000,231.000000,0.366112,1.000000,0.000000,1.000000,0.000000,5.800000,0.000000
108,0.000388,32.000000,0.000000,221.500000,215.000000,232.000000,0.000000,221.500000,215.000000,232.000000,0.388327,1.000000,0.000000,1.000000,0.000000,30.000000,0.000000
109,0.000175,7.600000,0.000000,221.750000,219.000000,223.000000,0.000000,221.750000,219.000000,223.000000,0.174858,1.000000,0.000000,1.000000,0.000000,5.600000,0.000000
110,0.000263,32.000000,0.000000,223.000000,219.000000,228.000000,0.000000,223.000000,219.000000,228.000000,0.263109,1.000000,0.000000,1.000000,0.000000,30.000000,0.000000
111,0.000582,6.100000,2.600000,228.500000,221.000000,247.000000,0.000000,228.500000,221.000000,247.000000,0.581798,1.000000,0.000000,1.000000,0.000000,4.100000,2.600000
112,0.000217,8.400000,0.000000,224.250000,223.000000,225.000000,0.000000,224.250000,223.000000,225.000000,0.217425,1.000000,0.000000,1.000000,0.000000,6.400000,0.000000
113,0.000198,8.200000,0.000000,222.500000,221.000000,224.000000,0.000000,222.500000,221.000000,224.000000,0.198038,1.000000,0.000000,1.000000,0.000000,6.200000,0.000000
114,0.000208,8.200000,0.000000,217.750000,213.000000,221.000000,0.000000,217.750000,213.000000,221.000000,0.207718,1.000000,0.000000,1.000000,0.000000,6.200000,0.000000
115,0.000587,8.200000,0.000000,235.500000,217.000000,256.000000,0.000000,235.500000,217.000000,256.000000,0.586568,1.000000,0.000000,1.000000,0.000000,6.200000,0.000000
116,0.000151,7.800000,0.000000,220.000000,218.000000,221.000000,0.000000,220.000000,218.000000,221.000000,0.151183,1.000000,0.000000,1.000000,0.000000,5.800000,0.000000
117,0.000627,8.000000,0.000000,227.000000,219.000000,248.000000,0.000000,227.000000,219.000000,248.000000,0.627078,1.000000,0.000000,1.000000,0.000000,6.000000,0.000000
118,0.000206,7.400000,0.000000,218.750000,213.000000,221.000000,0.000000,218.750000,213.000000,221.000000,0.206444,1.000000,0.000000,1.000000,0.000000,5.400000,0.000000
119,0.000210,7.800000,0.000000,219.000000,213.000000,221.000000,0.000000,219.000000,213.000000,221.000000,0.210434,1.000000,0.000000,1.000000,0.000000,5.800000,0.000000
120,0.000629,0.350000,14.900000,227.250000,219.000000,248.000000,0.000000,227.250000,219.000000,248.000000,0.628549,0.250000,1.500000,-4.250000,10.500000,4.350000,2.900000
121,0.000240,6.600000,0.000000,217.250000,213.000000,221.000000,0.000000,217.250000,213.000000,221.000000,0.240056,1.000000,0.000000,1.000000,0.000000,4.600000,0.000000
122,0.000221,32.000000,0.000000,218.250000,214.000000,221.000000,0.000000,218.250000,214.000000,221.000000,0.220658,1.000000,0.000000,1.000000,0.000000,30.000000,0.000000
123,0.002142,6.300000,4.200000,279.750000,216.000000,463.000000,0.000000,279.750000,216.000000,463.000000,2.141874,1.000000,0.000000,1.000000,0.000000,4.300000,4.200000
124,0.000239,8.000000,0.000000,220.000000,219.000000,221.000000,0.000000,220.000000,219.000000,221.000000,0.238688,1.000000,0.000000,1.000000,0.000000,6.000000,0.000000
125,0.000239,7.400000,0.000000,224.500000,219.000000,228.000000,0.000000,224.500000,219.000000,228.000000,0.238922,1.000000,0.000000,1.000000,0.000000,5.400000,0.000000
126,0.000176,8.600000,0.000000,219.750000,219.000000,221.000000,0.000000,219.750000,219.000000,221.000000,0.175635,1.000000,0.000000,1.000000,0.000000,6.600000,0.000000
127,0.000616,8.200000,0.000000,224.750000,219.000000,238.000000,0.000000,224.750000,219.000000,238.000000,0.616101,1.000000,0.000000,1.000000,0.000000,6.200000,0.000000
128,0.000159,32.000000,0.000000,218.000000,216.000000,219.000000,0.000000,218.000000,216.000000,219.000000,0.158732,1.000000,0.000000,1.000000,0.000000,30.000000,0.000000
129,0.000220,7.000000,0.000000,219.750000,216.000000,221.000000,0.000000,219.750000,216.000000,221.000000,0.219535,1.000000,0.000000,1.000000,0.000000,5.000000,0.000000
130,0.000274,7.200000,0.000000,220.500000,219.000000,223.000000,0.000000,220.500000,219.000000,223.000000,0.274208,1.000000,0.000000,1.000000,0.000000,5.200000,0.000000
131,0.000175,7.000000,0.000000,219.500000,219.000000,221.000000,0.000000,219.500000,219.000000,221.000000,0.174954,1.000000,0.000000,1.000000,0.000000,5.000000,0.000000
132,0.000180,8.200000,0.000000,220.000000,219.000000,221.000000,0.000000,220.000000,219.000000,221.000000,0.179586,1.000000,0.000000,1.000000,0.000000,6.200000,0.000000
133,0.000175,7.600000,0.000000,220.500000,219.000000,221.000000,0.000000,220.500000,219.000000,221.000000,0.174615,1.000000,0.000000,1.000000,0.000000,5.600000,0.000000
134,0.000388,7.600000,0.000000,228.500000,219.000000,238.000000,0.000000,228.500000,219.000000,238.000000,0.387992,1.000000,0.000000,1.000000,0.000000,5.600000,0.000000
135,0.000170,8.200000,0.000000,220.250000,219.000000,221.000000,0.000000,220.250000,219.000000,221.000000,0.169874,1.000000,0.000000,1.000000,0.000000,6.200000,0.000000
136,0.000321,8.200000,0.000000,231.500000,219.000000,238.000000,0.000000,231.500000,219.000000,238.000000,0.321261,1.000000,0.000000,1.000000,0.000000,6.200000,0.000000
137,0.000189,7.400000,0.000000,220.750000,219.000000,222.000000,0.000000,220.750000,219.000000,222.000000,0.188757,1.000000,0.000000,1.000000,0.000000,5.400000,0.000000
138,0.000375,8.400000,0.000000,228.500000,219.000000,238.000000,0.000000,228.500000,219.000000,238.000000,0.374669,1.000000,0.000000,1.000000,0.000000,6.400000,0.000000
139,0.000438,8.200000,0.000000,223.750000,217.000000,235.000000,0.000000,223.750000,217.000000,235.000000,0.438318,1.000000,0.000000,1.000000,0.000000,6.200000,0.000000
140,0.000248,32.000000,0.000000,216.750000,213.000000,221.000000,0.000000,216.750000,213.000000,221.000000,0.247548,1.000000,0.000000,1.000000,0.000000,30.000000,0.000000
141,0.000451,7.400000,0.000000,224.250000,219.000000,236.000000,0.000000,224.250000,219.000000,236.000000,0.450791,1.000000,0.000000,1.000000,0.000000,5.400000,0.000000
142,0.000465,8.600000,0.000000,225.000000,221.000000,236.000000,0.000000,225.000000,221.000000,236.000000,0.464512,1.000000,0.000000,1.000000,0.000000,6.600000,0.000000
143,0.000368,8.200000,0.000000,229.500000,216.000000,238.000000,0.000000,229.500000,216.000000,238.000000,0.368427,1.000000,0.000000,1.000000,0.000000,6.200000,0.000000
144,0.000273,8.600000,0.000000,233.250000,221.000000,238.000000,0.000000,233.250000,221.000000,238.000000,0.273068,1.000000,0.000000,1.000000,0.000000,6.600000,0.000000
145,0.000385,7.600000,0.000000,228.500000,220.000000,238.000000,0.000000,228.500000,220.000000,238.000000,0.384664,1.000000,0.000000,1.000000,0.000000,5.600000,0.000000
146,0.000274,7.200000,0.000000,232.500000,219.000000,238.000000,0.000000,232.500000,219.000000,238.000000,0.274315,1.000000,0.000000,1.000000,0.000000,5.200000,0.000000
147,0.000338,7.800000,0.000000,227.500000,217.000000,236.000000,0.000000,227.500000,217.000000,236.000000,0.338073,1.000000,0.000000,1.000000,0.000000,5.800000,0.000000
148,0.000239,8.600000,0.000000,231.750000,219.000000,236.000000,0.000000,231.750000,219.000000,236.000000,0.239460,1.000000,0.000000,1.000000,0.000000,6.600000,0.000000
149,0.000496,5.100000,5.400000,229.000000,221.000000,238.000000,0.000000,229.000000,221.000000,238.000000,0.496316,0.250000,1.500000,0.500000,1.000000,4.350000,2.900000
150,0.000159,8.400000,0.000000,220.500000,219.000000,221.000000,0.000000,220.500000,219.000000,221.000000,0.158834,1.000000,0.000000,1.000000,0.000000,6.400000,0.000000
151,0.000217,8.000000,0.000000,217.750000,212.000000,221.000000,0.000000,217.750000,212.000000,221.000000,0.216829,1.000000,0.000000,1.000000,0.000000,6.000000,0.000000
152,0.000164,32.000000,0.000000,220.500000,219.000000,221.000000,0.000000,220.500000,219.000000,221.000000,0.163967,1.000000,0.000000,1.000000,0.000000,30.000000,0.000000
153,0.000489,32.000000,0.000000,221.000000,221.000000,221.000000,0.000000,221.000000,221.000000,221.000000,0.488515,1.000000,0.000000,1.000000,0.000000,30.000000,0.000000
154,0.000175,8.200000,0.000000,221.000000,221.000000,221.000000,0.000000,221.000000,221.000000,221.000000,0.175235,1.000000,0.000000,1.000000,0.000000,6.200000,0.000000
155,0.000190,8.200000,0.000000,219.500000,217.000000,221.000000,0.000000,219.500000,217.000000,221.000000,0.190364,1.000000,0.000000,1.000000,0.000000,6.200000,0.000000
156,0.000174,8.200000,0.000000,220.500000,219.000000,221.000000,0.000000,220.500000,219.000000,221.000000,0.173739,1.000000,0.000000,1.000000,0.000000,6.200000,0.000000
157,0.000294,7.600000,0.000000,219.500000,217.000000,224.000000,0.000000,219.500000,217.000000,224.000000,0.294017,1.000000,0.000000,1.000000,0.000000,5.600000,0.000000
158,0.000167,7.400000,0.000000,220.500000,220.000000,221.000000,0.000000,220.500000,220.000000,221.000000,0.166969,1.000000,0.000000,1.000000,0.000000,5.400000,0.000000
159,0.000190,7.200000,0.000000,219.000000,217.000000,221.000000,0.000000,219.000000,217.000000,221.000000,0.190129,1.000000,0.000000,1.000000,0.000000,5.200000,0.000000
160,0.000212,8.200000,0.000000,219.750000,217.000000,221.000000,0.000000,219.750000,217.000000,221.000000,0.212191,1.000000,0.000000,1.000000,0.000000,6.200000,0.000000
161,0.000259,8.000000,0.000000,219.500000,216.000000,221.000000,0.000000,219.500000,216.000000,221.000000,0.258677,1.000000,0.000000,1.000000,0.000000,6.000000,0.000000
162,0.000324,8.000000,0.000000,223.000000,221.000000,229.000000,0.000000,223.000000,221.000000,229.000000,0.324129,1.000000,0.000000,1.000000,0.000000,6.000000,0.000000
163,0.000196,8.200000,0.000000,219.250000,216.000000,221.000000,0.000000,219.250000,216.000000,221.000000,0.195807,1.000000,0.000000,1.000000,0.000000,6.200000,0.000000
164,0.000269,8.600000,0.000000,219.500000,212.000000,224.000000,0.000000,219.500000,212.000000,224.000000,0.268972,1.000000,0.000000,1.000000,0.000000,6.600000,0.000000
165,0.000162,8.200000,0.000000,221.000000,221.000000,221.000000,0.000000,221.000000,221.000000,221.000000,0.162191,1.000000,0.000000,1.000000,0.000000,6.200000,0.000000
166,0.000178,32.000000,0.000000,220.000000,217.000000,221.000000,0.000000,220.000000,217.000000,221.000000,0.178190,1.000000,0.000000,1.000000,0.000000,30.000000,0.000000
167,0.000221,7.400000,0.000000,221.250000,221.000000,222.000000,0.000000,221.250000,221.000000,222.000000,0.221136,1.000000,0.000000,1.000000,0.000000,5.400000,0.000000
168,0.000170,32.000000,0.000000,219.750000,218.000000,221.000000,0.000000,219.750000,218.000000,221.000000,0.170279,1.000000,0.000000,1.000000,0.000000,30.000000,0.000000
169,0.000220,7.600000,0.000000,218.750000,217.000000,221.000000,0.000000,218.750000,217.000000,221.000000,0.220458,1.000000,0.000000,1.000000,0.000000,5.600000,0.000000
170,0.000178,8.200000,0.000000,220.000000,219.000000,221.000000,0.000000,220.000000,219.000000,221.000000,0.178102,1.000000,0.000000,1.000000,0.000000,6.200000,0.000000
171,0.000174,8.000000,0.000000,221.000000,221.000000,221.000000,0.000000,221.000000,221.000000,221.000000,0.173601,1.000000,0.000000,1.000000,0.000000,6.000000,0.000000
172,0.000217,8.000000,0.000000,220.500000,219.000000,222.000000,0.000000,220.500000,219.000000,222.000000,0.216681,1.000000,0.000000,1.000000,0.000000,6.000000,0.000000
173,0.000176,7.800000,0.000000,221.000000,221.000000,221.000000,0.000000,221.000000,221.000000,221.000000,0.176045,1.000000,0.000000,1.000000,0.000000,5.800000,0.000000
174,0.000182,8.000000,0.000000,219.750000,218.000000,221.000000,0.000000,219.750000,218.000000,221.000000,0.181666,1.000000,0.000000,1.000000,0.000000,6.000000,0.000000
175,0.000339,0.350000,14.900000,223.250000,221.000000,230.000000,0.000000,223.250000,221.000000,230.000000,0.339457,0.250000,1.500000,-4.250000,10.500000,4.350000,2.900000
176,0.000210,6.800000,0.000000,220.500000,219.000000,221.000000,0.000000,220.500000,219.000000,221.000000,0.209935,1.000000,0.000000,1.000000,0.000000,4.800000,0.000000
177,0.000267,8.600000,0.000000,219.250000,218.000000,221.000000,0.000000,219.250000,218.000000,221.000000,0.266726,1.000000,0.000000,1.000000,0.000000,6.600000,0.000000
178,0.000217,8.600000,0.000000,218.500000,217.000000,221.000000,0.000000,218.500000,217.000000,221.000000,0.217193,1.000000,0.000000,1.000000,0.000000,6.600000,0.000000
179,0.000319,7.800000,0.000000,220.750000,219.000000,224.000000,0.000000,220.750000,219.000000,224.000000,0.318963,1.000000,0.000000,1.000000,0.000000,5.800000,0.000000
180,0.000201,7.800000,0.000000,220.000000,217.000000,221.000000,0.000000,220.000000,217.000000,221.000000,0.201497,1.000000,0.000000,1.000000,0.000000,5.800000,0.000000
181,0.000218,8.000000,0.000000,219.250000,216.000000,221.000000,0.000000,219.250000,216.000000,221.000000,0.218366,1.000000,0.000000,1.000000,0.000000,6.000000,0.000000
182,0.000220,7.600000,0.000000,219.000000,216.000000,221.000000,0.000000,219.000000,216.000000,221.000000,0.220147,1.000000,0.000000,1.000000,0.000000,5.600000,0.000000
183,0.000180,8.000000,0.000000,220.750000,220.000000,221.000000,0.000000,220.750000,220.000000,221.000000,0.179855,1.000000,0.000000,1.000000,0.000000,6.000000,0.000000
184,0.000169,8.600000,0.000000,220.000000,218.000000,221.000000,0.000000,220.000000,218.000000,221.000000,0.169247,1.000000,0.000000,1.000000,0.000000,6.600000,0.000000
185,0.000181,7.200000,0.000000,221.000000,221.000000,221.000000,0.000000,221.000000,221.000000,221.000000,0.181115,1.000000,0.000000,1.000000,0.000000,5.200000,0.000000
186,0.000199,7.800000,0.000000,219.500000,217.000000,221.000000,0.000000,219.500000,217.000000,221.000000,0.199089,1.000000,0.000000,1.000000,0.000000,5.800000,0.000000
187,0.000185,8.200000,0.000000,220.500000,219.000000,221.000000,0.000000,220.500000,219.000000,221.000000,0.185471,1.000000,0.000000,1.000000,0.000000,6.200000,0.000000
188,0.000203,7.600000,0.000000,219.750000,216.000000,221.000000,0.000000,219.750000,216.000000,221.000000,0.203133,1.000000,0.000000,1.000000,0.000000,5.600000,0.000000
189,0.000212,7.600000,0.000000,219.250000,216.000000,221.000000,0.000000,219.250000,216.000000,221.000000,0.211777,1.000000,0.000000,1.000000,0.000000,5.600000,0.000000
190,0.000193,8.400000,0.000000,219.250000,217.000000,221.000000,0.000000,219.250000,217.000000,221.000000,0.192612,1.000000,0.000000,1.000000,0.000000,6.400000,0.000000
191,0.000235,8.600000,0.000000,219.750000,216.000000,221.000000,0.000000,219.750000,216.000000,221.000000,0.234601,1.000000,0.000000,1.000000,0.000000,6.600000,0.000000
192,0.000199,0.500000,15.000000,218.750000,217.000000,221.000000,0.000000,218.750000,217.000000,221.000000,0.198628,0.250000,1.500000,-4.250000,10.500000,4.500000,3.000000
193,0.000204,8.600000,0.000000,219.250000,216.000000,221.000000,0.000000,219.250000,216.000000,221.000000,0.203856,1.000000,0.000000,1.000000,0.000000,6.600000,0.000000
194,0.000217,32.000000,0.000000,218.250000,216.000000,221.000000,0.000000,218.250000,216.000000,221.000000,0.216540,1.000000,0.000000,1.000000,0.000000,30.000000,0.000000
195,0.000262,8.400000,0.000000,218.500000,216.000000,221.000000,0.000000,218.500000,216.000000,221.000000,0.262263,1.000000,0.000000,1.000000,0.000000,6.400000,0.000000
196,0.000185,7.400000,0.000000,220.500000,219.000000,221.000000,0.000000,220.500000,219.000000,221.000000,0.184834,1.000000,0.000000,1.000000,0.000000,5.400000,0.000000
197,0.000173,8.000000,0.000000,220.000000,218.000000,221.000000,0.000000,220.000000,218.000000,221.000000,0.173441,1.000000,0.000000,1.000000,0.000000,6.000000,0.000000
198,0.000283,8.600000,0.000000,218.250000,215.000000,221.000000,0.000000,218.250000,215.000000,221.000000,0.282869,1.000000,0.000000,1.000000,0.000000,6.600000,0.000000
199,0.000171,7.600000,0.000000,220.000000,219.000000,221.000000,0.000000,220.000000,219.000000,221.000000,0.170614,1.000000,0.000000,1.000000,0.000000,5.600000,0.000000
200,0.000180,8.600000,0.000000,218.750000,217.000000,220.000000,0.000000,218.750000,217.000000,220.000000,0.179716,1.000000,0.000000,1.000000,0.000000,6.600000,0.000000
